category,category_name,episode_id,title,priority,cooked_out_domain,source_title,video_id,start,end,duration_seconds,url
A,仕事の姿勢,A-01,遊びの仕事は遊びじゃない,P1_補助原則,制作判断・企画・ディレクション,A: 仕事の姿勢1 (まとめ動画) #01~#10,DilMfcXduL8,11,255,244,https://www.youtube.com/watch?v=DilMfcXduL8&t=11s
A,仕事の姿勢,A-02,プレゼンはスピード,P1_補助原則,制作判断・企画・ディレクション,A: 仕事の姿勢1 (まとめ動画) #01~#10,DilMfcXduL8,255,321,66,https://www.youtube.com/watch?v=DilMfcXduL8&t=255s
A,仕事の姿勢,A-03,お客さんに説明できるの？,P0_直接適用,制作判断・企画・ディレクション,A: 仕事の姿勢1 (まとめ動画) #01~#10,DilMfcXduL8,321,463,142,https://www.youtube.com/watch?v=DilMfcXduL8&t=321s
A,仕事の姿勢,A-04,仕様を変えること,P0_直接適用,制作判断・企画・ディレクション,A: 仕事の姿勢1 (まとめ動画) #01~#10,DilMfcXduL8,463,716,253,https://www.youtube.com/watch?v=DilMfcXduL8&t=463s
A,仕事の姿勢,A-05,企画書の書き方,P0_直接適用,制作判断・企画・ディレクション,A: 仕事の姿勢1 (まとめ動画) #01~#10,DilMfcXduL8,716,876,160,https://www.youtube.com/watch?v=DilMfcXduL8&t=716s
A,仕事の姿勢,A-06,企画は強火でザッと仕上げる,P0_直接適用,制作判断・企画・ディレクション,A: 仕事の姿勢1 (まとめ動画) #01~#10,DilMfcXduL8,876,1029,153,https://www.youtube.com/watch?v=DilMfcXduL8&t=876s
A,仕事の姿勢,A-07,苦労は忘れる､作品は残る,P1_補助原則,制作判断・企画・ディレクション,A: 仕事の姿勢1 (まとめ動画) #01~#10,DilMfcXduL8,1029,1235,206,https://www.youtube.com/watch?v=DilMfcXduL8&t=1029s
A,仕事の姿勢,A-08,ディレクターは”個”,P1_補助原則,制作判断・企画・ディレクション,A: 仕事の姿勢1 (まとめ動画) #01~#10,DilMfcXduL8,1235,1382,147,https://www.youtube.com/watch?v=DilMfcXduL8&t=1235s
A,仕事の姿勢,A-09,とにかくやれ!!,P1_補助原則,制作判断・企画・ディレクション,A: 仕事の姿勢1 (まとめ動画) #01~#10,DilMfcXduL8,1382,1499,117,https://www.youtube.com/watch?v=DilMfcXduL8&t=1382s
A,仕事の姿勢,A-10,なぜコラムを続けられたのか,P1_補助原則,制作判断・企画・ディレクション,A: 仕事の姿勢1 (まとめ動画) #01~#10,DilMfcXduL8,1499,1768,269,https://www.youtube.com/watch?v=DilMfcXduL8&t=1499s
A,仕事の姿勢,A-11,プランBに頼るな,P1_補助原則,制作判断・企画・ディレクション,A: 仕事の姿勢2 (まとめ動画) #11~#20,ubYmCCEWkAk,11,134,123,https://www.youtube.com/watch?v=ubYmCCEWkAk&t=11s
A,仕事の姿勢,A-12,価値観の幹と枝先,P1_補助原則,制作判断・企画・ディレクション,A: 仕事の姿勢2 (まとめ動画) #11~#20,ubYmCCEWkAk,134,378,244,https://www.youtube.com/watch?v=ubYmCCEWkAk&t=134s
A,仕事の姿勢,A-13,インプットを太く､アウトプットも太く,P1_補助原則,制作判断・企画・ディレクション,A: 仕事の姿勢2 (まとめ動画) #11~#20,ubYmCCEWkAk,378,516,138,https://www.youtube.com/watch?v=ubYmCCEWkAk&t=378s
A,仕事の姿勢,A-14,内圧をカンカンに高める,P1_補助原則,制作判断・企画・ディレクション,A: 仕事の姿勢2 (まとめ動画) #11~#20,ubYmCCEWkAk,516,677,161,https://www.youtube.com/watch?v=ubYmCCEWkAk&t=516s
A,仕事の姿勢,A-15,無意味な多数決,P0_直接適用,制作判断・企画・ディレクション,A: 仕事の姿勢2 (まとめ動画) #11~#20,ubYmCCEWkAk,677,832,155,https://www.youtube.com/watch?v=ubYmCCEWkAk&t=677s
A,仕事の姿勢,A-16,暗示の力,P1_補助原則,制作判断・企画・ディレクション,A: 仕事の姿勢2 (まとめ動画) #11~#20,ubYmCCEWkAk,832,981,149,https://www.youtube.com/watch?v=ubYmCCEWkAk&t=832s
A,仕事の姿勢,A-17,コンセプトは貫くもの,P0_直接適用,制作判断・企画・ディレクション,A: 仕事の姿勢2 (まとめ動画) #11~#20,ubYmCCEWkAk,981,1155,174,https://www.youtube.com/watch?v=ubYmCCEWkAk&t=981s
A,仕事の姿勢,A-18,競争と豊穣,P1_補助原則,制作判断・企画・ディレクション,A: 仕事の姿勢2 (まとめ動画) #11~#20,ubYmCCEWkAk,1155,1356,201,https://www.youtube.com/watch?v=ubYmCCEWkAk&t=1155s
A,仕事の姿勢,A-19,言ったことはそうなっていく,P1_補助原則,制作判断・企画・ディレクション,A: 仕事の姿勢2 (まとめ動画) #11~#20,ubYmCCEWkAk,1356,1520,164,https://www.youtube.com/watch?v=ubYmCCEWkAk&t=1356s
A,仕事の姿勢,A-20,エコーチェンバー,P1_補助原則,制作判断・企画・ディレクション,A: 仕事の姿勢2 (まとめ動画) #11~#20,ubYmCCEWkAk,1520,1713,193,https://www.youtube.com/watch?v=ubYmCCEWkAk&t=1520s
A,仕事の姿勢,A-21,アイデアが出ないとき,P0_直接適用,制作判断・企画・ディレクション,A: 仕事の姿勢3 (まとめ動画) #21~#23,sbrON900-0s,11,174,163,https://www.youtube.com/watch?v=sbrON900-0s&t=11s
A,仕事の姿勢,A-22,絶対にケンカするな,P1_補助原則,制作判断・企画・ディレクション,A: 仕事の姿勢3 (まとめ動画) #21~#23,sbrON900-0s,174,338,164,https://www.youtube.com/watch?v=sbrON900-0s&t=174s
A,仕事の姿勢,A-23,上は下なり､下は上なり,P1_補助原則,制作判断・企画・ディレクション,A: 仕事の姿勢3 (まとめ動画) #21~#23,sbrON900-0s,338,526,188,https://www.youtube.com/watch?v=sbrON900-0s&t=338s
B,ゲーム性,B-01,リスクとリターン,P0_直接適用,中核ゲーム性・難度・報酬,B: ゲーム性1 (まとめ動画) #01～#06,i7WJTzwEuFI,11,608,597,https://www.youtube.com/watch?v=i7WJTzwEuFI&t=11s
B,ゲーム性,B-02,ギュッとしてパッと解消,P0_直接適用,中核ゲーム性・難度・報酬,B: ゲーム性1 (まとめ動画) #01～#06,i7WJTzwEuFI,608,766,158,https://www.youtube.com/watch?v=i7WJTzwEuFI&t=608s
B,ゲーム性,B-03,RPGのゲーム性,P1_補助原則,中核ゲーム性・難度・報酬,B: ゲーム性1 (まとめ動画) #01～#06,i7WJTzwEuFI,766,920,154,https://www.youtube.com/watch?v=i7WJTzwEuFI&t=766s
B,ゲーム性,B-04,ゲーム性以外の面白さ,P1_補助原則,中核ゲーム性・難度・報酬,B: ゲーム性1 (まとめ動画) #01～#06,i7WJTzwEuFI,920,1326,406,https://www.youtube.com/watch?v=i7WJTzwEuFI&t=920s
B,ゲーム性,B-05,悪魔の釜,P0_直接適用,中核ゲーム性・難度・報酬,B: ゲーム性1 (まとめ動画) #01～#06,i7WJTzwEuFI,1326,1615,289,https://www.youtube.com/watch?v=i7WJTzwEuFI&t=1326s
B,ゲーム性,B-06,ズルを許す,P0_直接適用,中核ゲーム性・難度・報酬,B: ゲーム性1 (まとめ動画) #01～#06,i7WJTzwEuFI,1615,1789,174,https://www.youtube.com/watch?v=i7WJTzwEuFI&t=1615s
B,ゲーム性,B-07,浮遊感は落ちてこそ生まれる,P1_補助原則,中核ゲーム性・難度・報酬,B: ゲーム性2 (まとめ動画) #07～#15,bFS5BHu1n5A,11,161,150,https://www.youtube.com/watch?v=bFS5BHu1n5A&t=11s
B,ゲーム性,B-08,はたして敵は必要なのか,P1_補助原則,中核ゲーム性・難度・報酬,B: ゲーム性2 (まとめ動画) #07～#15,bFS5BHu1n5A,161,357,196,https://www.youtube.com/watch?v=bFS5BHu1n5A&t=161s
B,ゲーム性,B-09,ごほうび要素はまっ先に,P0_直接適用,中核ゲーム性・難度・報酬,B: ゲーム性2 (まとめ動画) #07～#15,bFS5BHu1n5A,357,517,160,https://www.youtube.com/watch?v=bFS5BHu1n5A&t=357s
B,ゲーム性,B-10,対戦は複雑になるもの？,P1_補助原則,中核ゲーム性・難度・報酬,B: ゲーム性2 (まとめ動画) #07～#15,bFS5BHu1n5A,517,756,239,https://www.youtube.com/watch?v=bFS5BHu1n5A&t=517s
B,ゲーム性,B-11,落ちものパズルのゲーム性,P1_補助原則,中核ゲーム性・難度・報酬,B: ゲーム性2 (まとめ動画) #07～#15,bFS5BHu1n5A,756,921,165,https://www.youtube.com/watch?v=bFS5BHu1n5A&t=756s
B,ゲーム性,B-12,やられるとスッキリする？,P1_補助原則,中核ゲーム性・難度・報酬,B: ゲーム性2 (まとめ動画) #07～#15,bFS5BHu1n5A,921,1065,144,https://www.youtube.com/watch?v=bFS5BHu1n5A&t=921s
B,ゲーム性,B-13,単調な坂は山登りにならない,P0_直接適用,中核ゲーム性・難度・報酬,B: ゲーム性2 (まとめ動画) #07～#15,bFS5BHu1n5A,1065,1221,156,https://www.youtube.com/watch?v=bFS5BHu1n5A&t=1065s
B,ゲーム性,B-14,リトライは迅速に,P0_直接適用,中核ゲーム性・難度・報酬,B: ゲーム性2 (まとめ動画) #07～#15,bFS5BHu1n5A,1221,1393,172,https://www.youtube.com/watch?v=bFS5BHu1n5A&t=1221s
B,ゲーム性,B-15,やり直しに見合う魅力はあるか？,P0_直接適用,中核ゲーム性・難度・報酬,B: ゲーム性2 (まとめ動画) #07～#15,bFS5BHu1n5A,1393,1661,268,https://www.youtube.com/watch?v=bFS5BHu1n5A&t=1393s
B,ゲーム性,B-16,シューティングゲームのゲーム性,P1_補助原則,中核ゲーム性・難度・報酬,B: ゲーム性3 (まとめ動画) #16～#23,upBaBUDj_Jc,11,168,157,https://www.youtube.com/watch?v=upBaBUDj_Jc&t=11s
B,ゲーム性,B-17,ゲーム性を上げると､一般性が下がる,P0_直接適用,中核ゲーム性・難度・報酬,B: ゲーム性3 (まとめ動画) #16～#23,upBaBUDj_Jc,168,406,238,https://www.youtube.com/watch?v=upBaBUDj_Jc&t=168s
B,ゲーム性,B-18,昇龍拳コマンド,P1_補助原則,中核ゲーム性・難度・報酬,B: ゲーム性3 (まとめ動画) #16～#23,upBaBUDj_Jc,406,699,293,https://www.youtube.com/watch?v=upBaBUDj_Jc&t=406s
B,ゲーム性,B-19,ランキングの功罪,P0_直接適用,中核ゲーム性・難度・報酬,B: ゲーム性3 (まとめ動画) #16～#23,upBaBUDj_Jc,699,892,193,https://www.youtube.com/watch?v=upBaBUDj_Jc&t=699s
B,ゲーム性,B-20,遊びって､何？,P1_補助原則,中核ゲーム性・難度・報酬,B: ゲーム性3 (まとめ動画) #16～#23,upBaBUDj_Jc,892,1119,227,https://www.youtube.com/watch?v=upBaBUDj_Jc&t=892s
B,ゲーム性,B-21,キャラゲームはらしさが第一,P0_直接適用,中核ゲーム性・難度・報酬,B: ゲーム性3 (まとめ動画) #16～#23,upBaBUDj_Jc,1119,1345,226,https://www.youtube.com/watch?v=upBaBUDj_Jc&t=1119s
B,ゲーム性,B-22,アクションゲームのゲーム性,P1_補助原則,中核ゲーム性・難度・報酬,B: ゲーム性3 (まとめ動画) #16～#23,upBaBUDj_Jc,1345,1521,176,https://www.youtube.com/watch?v=upBaBUDj_Jc&t=1345s
B,ゲーム性,B-23,作業ゲームを面白くするには,P0_直接適用,中核ゲーム性・難度・報酬,B: ゲーム性3 (まとめ動画) #16～#23,upBaBUDj_Jc,1521,1742,221,https://www.youtube.com/watch?v=upBaBUDj_Jc&t=1521s
B,ゲーム性,B-24,クリアできないよりマシ,P0_直接適用,中核ゲーム性・難度・報酬,B: ゲーム性4 (まとめ動画) #24～#29,K7Padiiam0o,11,176,165,https://www.youtube.com/watch?v=K7Padiiam0o&t=11s
B,ゲーム性,B-25,強制感と攻略バランス,P0_直接適用,中核ゲーム性・難度・報酬,B: ゲーム性4 (まとめ動画) #24～#29,K7Padiiam0o,176,302,126,https://www.youtube.com/watch?v=K7Padiiam0o&t=176s
B,ゲーム性,B-26,戦略シミュレーションのゲーム性,P1_補助原則,中核ゲーム性・難度・報酬,B: ゲーム性4 (まとめ動画) #24～#29,K7Padiiam0o,302,474,172,https://www.youtube.com/watch?v=K7Padiiam0o&t=302s
B,ゲーム性,B-27,どれぐらい良いことをした?,P0_直接適用,中核ゲーム性・難度・報酬,B: ゲーム性4 (まとめ動画) #24～#29,K7Padiiam0o,474,631,157,https://www.youtube.com/watch?v=K7Padiiam0o&t=474s
B,ゲーム性,B-28,長所を伸ばし､短所も伸ばす,P0_直接適用,中核ゲーム性・難度・報酬,B: ゲーム性4 (まとめ動画) #24～#29,K7Padiiam0o,631,800,169,https://www.youtube.com/watch?v=K7Padiiam0o&t=631s
B,ゲーム性,B-29,ハンデをつけてバランス調整,P0_直接適用,中核ゲーム性・難度・報酬,B: ゲーム性4 (まとめ動画) #24～#29,K7Padiiam0o,800,958,158,https://www.youtube.com/watch?v=K7Padiiam0o&t=800s
C,企画・ゲーム設計,C-01,フレームはコマ数,P0_直接適用,コンセプト・導線・長期設計,C: 企画・ゲーム設計1 (まとめ動画) #01～#09,hTNA84vJNEc,13,249,236,https://www.youtube.com/watch?v=hTNA84vJNEc&t=13s
C,企画・ゲーム設計,C-02,とにかくゲームさせてみて,P1_補助原則,コンセプト・導線・長期設計,C: 企画・ゲーム設計1 (まとめ動画) #01～#09,hTNA84vJNEc,249,410,161,https://www.youtube.com/watch?v=hTNA84vJNEc&t=249s
C,企画・ゲーム設計,C-03,目の前に吊られたごほうび,P0_直接適用,コンセプト・導線・長期設計,C: 企画・ゲーム設計1 (まとめ動画) #01～#09,hTNA84vJNEc,410,545,135,https://www.youtube.com/watch?v=hTNA84vJNEc&t=410s
C,企画・ゲーム設計,C-04,ゲーム作りで食っていくには,P1_補助原則,コンセプト・導線・長期設計,C: 企画・ゲーム設計1 (まとめ動画) #01～#09,hTNA84vJNEc,545,777,232,https://www.youtube.com/watch?v=hTNA84vJNEc&t=545s
C,企画・ゲーム設計,C-05,世界の窓はとっても狭い,P1_補助原則,コンセプト・導線・長期設計,C: 企画・ゲーム設計1 (まとめ動画) #01～#09,hTNA84vJNEc,777,965,188,https://www.youtube.com/watch?v=hTNA84vJNEc&t=777s
C,企画・ゲーム設計,C-06,ワンボタンでできること,P0_直接適用,コンセプト・導線・長期設計,C: 企画・ゲーム設計1 (まとめ動画) #01～#09,hTNA84vJNEc,965,1106,141,https://www.youtube.com/watch?v=hTNA84vJNEc&t=965s
C,企画・ゲーム設計,C-07,分解､考察､再構築,P1_補助原則,コンセプト・導線・長期設計,C: 企画・ゲーム設計1 (まとめ動画) #01～#09,hTNA84vJNEc,1106,1312,206,https://www.youtube.com/watch?v=hTNA84vJNEc&t=1106s
C,企画・ゲーム設計,C-08,良いおつかい、悪いおつかい,P1_補助原則,コンセプト・導線・長期設計,C: 企画・ゲーム設計1 (まとめ動画) #01～#09,hTNA84vJNEc,1312,1523,211,https://www.youtube.com/watch?v=hTNA84vJNEc&t=1312s
C,企画・ゲーム設計,C-09,フレームを計れるようになれ！,P1_補助原則,コンセプト・導線・長期設計,C: 企画・ゲーム設計1 (まとめ動画) #01～#09,hTNA84vJNEc,1523,1756,233,https://www.youtube.com/watch?v=hTNA84vJNEc&t=1523s
C,企画・ゲーム設計,C-10,自然なチュートリアル,P0_直接適用,コンセプト・導線・長期設計,C: 企画・ゲーム設計2 (まとめ動画) #10～#18,N1xnNI6KHDg,11,186,175,https://www.youtube.com/watch?v=N1xnNI6KHDg&t=11s
C,企画・ゲーム設計,C-11,ほめてやれ！,P0_直接適用,コンセプト・導線・長期設計,C: 企画・ゲーム設計2 (まとめ動画) #10～#18,N1xnNI6KHDg,186,337,151,https://www.youtube.com/watch?v=N1xnNI6KHDg&t=186s
C,企画・ゲーム設計,C-12,ノーリアクションを排除せよ,P0_直接適用,コンセプト・導線・長期設計,C: 企画・ゲーム設計2 (まとめ動画) #10～#18,N1xnNI6KHDg,337,490,153,https://www.youtube.com/watch?v=N1xnNI6KHDg&t=337s
C,企画・ゲーム設計,C-13,ゲームのシナリオは特異,P1_補助原則,コンセプト・導線・長期設計,C: 企画・ゲーム設計2 (まとめ動画) #10～#18,N1xnNI6KHDg,490,705,215,https://www.youtube.com/watch?v=N1xnNI6KHDg&t=490s
C,企画・ゲーム設計,C-14,応援する楽しみ,P1_補助原則,コンセプト・導線・長期設計,C: 企画・ゲーム設計2 (まとめ動画) #10～#18,N1xnNI6KHDg,705,853,148,https://www.youtube.com/watch?v=N1xnNI6KHDg&t=705s
C,企画・ゲーム設計,C-15,3Dゲームで酔う場合,P1_補助原則,コンセプト・導線・長期設計,C: 企画・ゲーム設計2 (まとめ動画) #10～#18,N1xnNI6KHDg,853,1055,202,https://www.youtube.com/watch?v=N1xnNI6KHDg&t=853s
C,企画・ゲーム設計,C-16,階層アウトラインでまとめる,P0_直接適用,コンセプト・導線・長期設計,C: 企画・ゲーム設計2 (まとめ動画) #10～#18,N1xnNI6KHDg,1055,1196,141,https://www.youtube.com/watch?v=N1xnNI6KHDg&t=1055s
C,企画・ゲーム設計,C-17,見返りを想定する,P0_直接適用,コンセプト・導線・長期設計,C: 企画・ゲーム設計2 (まとめ動画) #10～#18,N1xnNI6KHDg,1196,1504,308,https://www.youtube.com/watch?v=N1xnNI6KHDg&t=1196s
C,企画・ゲーム設計,C-18,あるものでしかわからない,P0_直接適用,コンセプト・導線・長期設計,C: 企画・ゲーム設計2 (まとめ動画) #10～#18,N1xnNI6KHDg,1504,1696,192,https://www.youtube.com/watch?v=N1xnNI6KHDg&t=1504s
C,企画・ゲーム設計,C-19,続編のありかた,P1_補助原則,コンセプト・導線・長期設計,C: 企画・ゲーム設計3 (まとめ動画) #19～#26,0zQKLayV2tY,11,249,238,https://www.youtube.com/watch?v=0zQKLayV2tY&t=11s
C,企画・ゲーム設計,C-20,知っていることは話が早い,P1_補助原則,コンセプト・導線・長期設計,C: 企画・ゲーム設計3 (まとめ動画) #19～#26,0zQKLayV2tY,249,439,190,https://www.youtube.com/watch?v=0zQKLayV2tY&t=249s
C,企画・ゲーム設計,C-21,カスタマイズは想像で遊ぶ,P0_直接適用,コンセプト・導線・長期設計,C: 企画・ゲーム設計3 (まとめ動画) #19～#26,0zQKLayV2tY,439,646,207,https://www.youtube.com/watch?v=0zQKLayV2tY&t=439s
C,企画・ゲーム設計,C-22,同じような作品,P0_直接適用,コンセプト・導線・長期設計,C: 企画・ゲーム設計3 (まとめ動画) #19～#26,0zQKLayV2tY,646,773,127,https://www.youtube.com/watch?v=0zQKLayV2tY&t=646s
C,企画・ゲーム設計,C-23,スコアの見せかた,P0_直接適用,コンセプト・導線・長期設計,C: 企画・ゲーム設計3 (まとめ動画) #19～#26,0zQKLayV2tY,773,1011,238,https://www.youtube.com/watch?v=0zQKLayV2tY&t=773s
C,企画・ゲーム設計,C-24,パラメーターでキャラ立ちを,P1_補助原則,コンセプト・導線・長期設計,C: 企画・ゲーム設計3 (まとめ動画) #19～#26,0zQKLayV2tY,1011,1224,213,https://www.youtube.com/watch?v=0zQKLayV2tY&t=1011s
C,企画・ゲーム設計,C-25,色が薄れた世界,P1_補助原則,コンセプト・導線・長期設計,C: 企画・ゲーム設計3 (まとめ動画) #19～#26,0zQKLayV2tY,1224,1395,171,https://www.youtube.com/watch?v=0zQKLayV2tY&t=1224s
C,企画・ゲーム設計,C-26,コンピュータープレイヤー,P1_補助原則,コンセプト・導線・長期設計,C: 企画・ゲーム設計3 (まとめ動画) #19～#26,0zQKLayV2tY,1395,1709,314,https://www.youtube.com/watch?v=0zQKLayV2tY&t=1395s
C,企画・ゲーム設計,C-27,ゲーム内ムービー,P1_補助原則,コンセプト・導線・長期設計,C: 企画・ゲーム設計4 (まとめ動画) #27～#30,A1ILmDMKG08,11,191,180,https://www.youtube.com/watch?v=A1ILmDMKG08&t=11s
C,企画・ゲーム設計,C-28,最初にクライマックスを,P0_直接適用,コンセプト・導線・長期設計,C: 企画・ゲーム設計4 (まとめ動画) #27～#30,A1ILmDMKG08,191,358,167,https://www.youtube.com/watch?v=A1ILmDMKG08&t=191s
C,企画・ゲーム設計,C-29,初心者にはやさしく､気持ちよく,P0_直接適用,コンセプト・導線・長期設計,C: 企画・ゲーム設計4 (まとめ動画) #27～#30,A1ILmDMKG08,358,534,176,https://www.youtube.com/watch?v=A1ILmDMKG08&t=358s
C,企画・ゲーム設計,C-30,いただく時間を意識する,P0_直接適用,コンセプト・導線・長期設計,C: 企画・ゲーム設計4 (まとめ動画) #27～#30,A1ILmDMKG08,534,709,175,https://www.youtube.com/watch?v=A1ILmDMKG08&t=534s
D,仕様,D-01,大事ところはストップ!,P0_直接適用,操作感・テンポ・仕様設計,D: 仕様1 (まとめ動画) #01～#08,Edmd2xs9rZ4,11,269,258,https://www.youtube.com/watch?v=Edmd2xs9rZ4&t=11s
D,仕様,D-02,物理ボタンに重たさを感じさせる,P0_直接適用,操作感・テンポ・仕様設計,D: 仕様1 (まとめ動画) #01～#08,Edmd2xs9rZ4,269,408,139,https://www.youtube.com/watch?v=Edmd2xs9rZ4&t=269s
D,仕様,D-03,ジャンプのしくみ,P0_直接適用,操作感・テンポ・仕様設計,D: 仕様1 (まとめ動画) #01～#08,Edmd2xs9rZ4,408,698,290,https://www.youtube.com/watch?v=Edmd2xs9rZ4&t=408s
D,仕様,D-04,8つのヒットストップ仕様,P0_直接適用,操作感・テンポ・仕様設計,D: 仕様1 (まとめ動画) #01～#08,Edmd2xs9rZ4,698,1027,329,https://www.youtube.com/watch?v=Edmd2xs9rZ4&t=698s
D,仕様,D-05,注視点をくっつけない,P0_直接適用,操作感・テンポ・仕様設計,D: 仕様1 (まとめ動画) #01～#08,Edmd2xs9rZ4,1027,1195,168,https://www.youtube.com/watch?v=Edmd2xs9rZ4&t=1027s
D,仕様,D-06,遅さは罪,P1_補助原則,操作感・テンポ・仕様設計,D: 仕様1 (まとめ動画) #01～#08,Edmd2xs9rZ4,1195,1380,185,https://www.youtube.com/watch?v=Edmd2xs9rZ4&t=1195s
D,仕様,D-07,速度の単位,P1_補助原則,操作感・テンポ・仕様設計,D: 仕様1 (まとめ動画) #01～#08,Edmd2xs9rZ4,1380,1562,182,https://www.youtube.com/watch?v=Edmd2xs9rZ4&t=1380s
D,仕様,D-08,ガケぎわのふるまい,P1_補助原則,操作感・テンポ・仕様設計,D: 仕様1 (まとめ動画) #01～#08,Edmd2xs9rZ4,1562,1717,155,https://www.youtube.com/watch?v=Edmd2xs9rZ4&t=1562s
D,仕様,D-09,マップもゲーム画面,P1_補助原則,操作感・テンポ・仕様設計,D: 仕様2 (まとめ動画) #09～#18,tqF53jjKdq0,11,155,144,https://www.youtube.com/watch?v=tqF53jjKdq0&t=11s
D,仕様,D-10,想定外の完成形,P1_補助原則,操作感・テンポ・仕様設計,D: 仕様2 (まとめ動画) #09～#18,tqF53jjKdq0,155,396,241,https://www.youtube.com/watch?v=tqF53jjKdq0&t=155s
D,仕様,D-11,はじき入力,P1_補助原則,操作感・テンポ・仕様設計,D: 仕様2 (まとめ動画) #09～#18,tqF53jjKdq0,396,541,145,https://www.youtube.com/watch?v=tqF53jjKdq0&t=396s
D,仕様,D-12,How to Play,P0_直接適用,操作感・テンポ・仕様設計,D: 仕様2 (まとめ動画) #09～#18,tqF53jjKdq0,541,677,136,https://www.youtube.com/watch?v=tqF53jjKdq0&t=541s
D,仕様,D-13,ランダム性は彩りを添える,P0_直接適用,操作感・テンポ・仕様設計,D: 仕様2 (まとめ動画) #09～#18,tqF53jjKdq0,677,909,232,https://www.youtube.com/watch?v=tqF53jjKdq0&t=677s
D,仕様,D-14,ハンデブースト,P1_補助原則,操作感・テンポ・仕様設計,D: 仕様2 (まとめ動画) #09～#18,tqF53jjKdq0,909,1125,216,https://www.youtube.com/watch?v=tqF53jjKdq0&t=909s
D,仕様,D-15,平均と平凡は同じ,P0_直接適用,操作感・テンポ・仕様設計,D: 仕様2 (まとめ動画) #09～#18,tqF53jjKdq0,1125,1340,215,https://www.youtube.com/watch?v=tqF53jjKdq0&t=1125s
D,仕様,D-16,オンラインアップデート,P0_直接適用,操作感・テンポ・仕様設計,D: 仕様2 (まとめ動画) #09～#18,tqF53jjKdq0,1340,1575,235,https://www.youtube.com/watch?v=tqF53jjKdq0&t=1340s
D,仕様,D-17,画面遷移は素早く,P0_直接適用,操作感・テンポ・仕様設計,D: 仕様2 (まとめ動画) #09～#18,tqF53jjKdq0,1575,1733,158,https://www.youtube.com/watch?v=tqF53jjKdq0&t=1575s
D,仕様,D-18,重心をズラすとどうなる？,P1_補助原則,操作感・テンポ・仕様設計,D: 仕様2 (まとめ動画) #09～#18,tqF53jjKdq0,1733,1901,168,https://www.youtube.com/watch?v=tqF53jjKdq0&t=1733s
E,チーム運営,E-01,チームの情報共有,P0_直接適用,情報共有・QA・意思決定,E: チーム運営1 (まとめ動画) #01～#07,QIt_r5tNKaA,11,209,198,https://www.youtube.com/watch?v=QIt_r5tNKaA&t=11s
E,チーム運営,E-02,ゲームを作る職種,P1_補助原則,情報共有・QA・意思決定,E: チーム運営1 (まとめ動画) #01～#07,QIt_r5tNKaA,209,632,423,https://www.youtube.com/watch?v=QIt_r5tNKaA&t=209s
E,チーム運営,E-03,思ったことはすぐに言え,P0_直接適用,情報共有・QA・意思決定,E: チーム運営1 (まとめ動画) #01～#07,QIt_r5tNKaA,632,849,217,https://www.youtube.com/watch?v=QIt_r5tNKaA&t=632s
E,チーム運営,E-04,10人チームは7人分,P1_補助原則,情報共有・QA・意思決定,E: チーム運営1 (まとめ動画) #01～#07,QIt_r5tNKaA,849,1013,164,https://www.youtube.com/watch?v=QIt_r5tNKaA&t=849s
E,チーム運営,E-05,全員まとめて意図を知る,P0_直接適用,情報共有・QA・意思決定,E: チーム運営1 (まとめ動画) #01～#07,QIt_r5tNKaA,1013,1227,214,https://www.youtube.com/watch?v=QIt_r5tNKaA&t=1013s
E,チーム運営,E-06,日報のすすめ,P0_直接適用,情報共有・QA・意思決定,E: チーム運営1 (まとめ動画) #01～#07,QIt_r5tNKaA,1227,1485,258,https://www.youtube.com/watch?v=QIt_r5tNKaA&t=1227s
E,チーム運営,E-07,デバッグは終わらない,P0_直接適用,情報共有・QA・意思決定,E: チーム運営1 (まとめ動画) #01～#07,QIt_r5tNKaA,1485,1755,270,https://www.youtube.com/watch?v=QIt_r5tNKaA&t=1485s
E,チーム運営,E-08,会社でゲームを作ること,P1_補助原則,情報共有・QA・意思決定,E: チーム運営2 (まとめ動画) #08～#15,0RHPEr6VcD0,11,226,215,https://www.youtube.com/watch?v=0RHPEr6VcD0&t=11s
E,チーム運営,E-09,その日のうちに全てこなす,P0_直接適用,情報共有・QA・意思決定,E: チーム運営2 (まとめ動画) #08～#15,0RHPEr6VcD0,226,408,182,https://www.youtube.com/watch?v=0RHPEr6VcD0&t=226s
E,チーム運営,E-10,決断を先送りにするな,P0_直接適用,情報共有・QA・意思決定,E: チーム運営2 (まとめ動画) #08～#15,0RHPEr6VcD0,408,556,148,https://www.youtube.com/watch?v=0RHPEr6VcD0&t=408s
E,チーム運営,E-11,デバッグの体制,P0_直接適用,情報共有・QA・意思決定,E: チーム運営2 (まとめ動画) #08～#15,0RHPEr6VcD0,556,812,256,https://www.youtube.com/watch?v=0RHPEr6VcD0&t=556s
E,チーム運営,E-12,モニタリングは果てなく続く,P0_直接適用,情報共有・QA・意思決定,E: チーム運営2 (まとめ動画) #08～#15,0RHPEr6VcD0,812,1022,210,https://www.youtube.com/watch?v=0RHPEr6VcD0&t=812s
E,チーム運営,E-13,ディレクターとプロデューサー,P1_補助原則,情報共有・QA・意思決定,E: チーム運営2 (まとめ動画) #08～#15,0RHPEr6VcD0,1022,1262,240,https://www.youtube.com/watch?v=0RHPEr6VcD0&t=1022s
E,チーム運営,E-14,小学生モニター,P0_直接適用,情報共有・QA・意思決定,E: チーム運営2 (まとめ動画) #08～#15,0RHPEr6VcD0,1262,1389,127,https://www.youtube.com/watch?v=0RHPEr6VcD0&t=1262s
E,チーム運営,E-15,ディレクターは切る仕事,P0_直接適用,情報共有・QA・意思決定,E: チーム運営2 (まとめ動画) #08～#15,0RHPEr6VcD0,1389,1538,149,https://www.youtube.com/watch?v=0RHPEr6VcD0&t=1389s
F,グラフィック,F-01,素材を描かず、光を描く,P0_直接適用,可読性・アート・最終画面,F: グラフィック1 (まとめ動画) #01～#06,tcTGUopJduE,11,221,210,https://www.youtube.com/watch?v=tcTGUopJduE&t=11s
F,グラフィック,F-02,判定のあるものを強調する,P0_直接適用,可読性・アート・最終画面,F: グラフィック1 (まとめ動画) #01～#06,tcTGUopJduE,221,367,146,https://www.youtube.com/watch?v=tcTGUopJduE&t=221s
F,グラフィック,F-03,大事と小事を見分ける,P0_直接適用,可読性・アート・最終画面,F: グラフィック1 (まとめ動画) #01～#06,tcTGUopJduE,367,530,163,https://www.youtube.com/watch?v=tcTGUopJduE&t=367s
F,グラフィック,F-04,スケール感は正しく合わせる,P0_直接適用,可読性・アート・最終画面,F: グラフィック1 (まとめ動画) #01～#06,tcTGUopJduE,530,760,230,https://www.youtube.com/watch?v=tcTGUopJduE&t=530s
F,グラフィック,F-05,レタッチ監修,P1_補助原則,可読性・アート・最終画面,F: グラフィック1 (まとめ動画) #01～#06,tcTGUopJduE,760,954,194,https://www.youtube.com/watch?v=tcTGUopJduE&t=760s
F,グラフィック,F-06,ステージをじっくり見てみよう,P1_補助原則,可読性・アート・最終画面,F: グラフィック1 (まとめ動画) #01～#06,tcTGUopJduE,954,2016,1062,https://www.youtube.com/watch?v=tcTGUopJduE&t=954s
F,グラフィック,F-07,ドット絵の初歩的な話,P1_補助原則,可読性・アート・最終画面,F: グラフィック2 (まとめ動画) #07～#13,Xt7ELzq7-4w,11,185,174,https://www.youtube.com/watch?v=Xt7ELzq7-4w&t=11s
F,グラフィック,F-08,タッチを合わせる,P0_直接適用,可読性・アート・最終画面,F: グラフィック2 (まとめ動画) #07～#13,Xt7ELzq7-4w,185,347,162,https://www.youtube.com/watch?v=Xt7ELzq7-4w&t=185s
F,グラフィック,F-09,アニメと実写が戦うような,P1_補助原則,可読性・アート・最終画面,F: グラフィック2 (まとめ動画) #07～#13,Xt7ELzq7-4w,347,614,267,https://www.youtube.com/watch?v=Xt7ELzq7-4w&t=347s
F,グラフィック,F-10,絵はゲームの楽しさに関係ある?,P0_直接適用,可読性・アート・最終画面,F: グラフィック2 (まとめ動画) #07～#13,Xt7ELzq7-4w,614,781,167,https://www.youtube.com/watch?v=Xt7ELzq7-4w&t=614s
F,グラフィック,F-11,監修あれこれ,P1_補助原則,可読性・アート・最終画面,F: グラフィック2 (まとめ動画) #07～#13,Xt7ELzq7-4w,781,1490,709,https://www.youtube.com/watch?v=Xt7ELzq7-4w&t=781s
F,グラフィック,F-12,ミニチュア効果,P1_補助原則,可読性・アート・最終画面,F: グラフィック2 (まとめ動画) #07～#13,Xt7ELzq7-4w,1490,1635,145,https://www.youtube.com/watch?v=Xt7ELzq7-4w&t=1490s
F,グラフィック,F-13,アナログな色合い統一,P0_直接適用,可読性・アート・最終画面,F: グラフィック2 (まとめ動画) #07～#13,Xt7ELzq7-4w,1635,1788,153,https://www.youtube.com/watch?v=Xt7ELzq7-4w&t=1635s
F,グラフィック,F-14,モーションブラー,P1_補助原則,可読性・アート・最終画面,F: グラフィック3 (まとめ動画) #14～#20,xH1InUOcYSU,11,159,148,https://www.youtube.com/watch?v=xH1InUOcYSU&t=11s
F,グラフィック,F-15,無いものをあると感じさせる,P1_補助原則,可読性・アート・最終画面,F: グラフィック3 (まとめ動画) #14～#20,xH1InUOcYSU,159,307,148,https://www.youtube.com/watch?v=xH1InUOcYSU&t=159s
F,グラフィック,F-16,最終出力,P0_直接適用,可読性・アート・最終画面,F: グラフィック3 (まとめ動画) #14～#20,xH1InUOcYSU,307,453,146,https://www.youtube.com/watch?v=xH1InUOcYSU&t=307s
F,グラフィック,F-17,カベ破壊ひとつに,P1_補助原則,可読性・アート・最終画面,F: グラフィック3 (まとめ動画) #14～#20,xH1InUOcYSU,453,714,261,https://www.youtube.com/watch?v=xH1InUOcYSU&t=453s
F,グラフィック,F-18,マンガ的表現,P1_補助原則,可読性・アート・最終画面,F: グラフィック3 (まとめ動画) #14～#20,xH1InUOcYSU,714,896,182,https://www.youtube.com/watch?v=xH1InUOcYSU&t=714s
F,グラフィック,F-19,キャラを立てるデザイン,P1_補助原則,可読性・アート・最終画面,F: グラフィック3 (まとめ動画) #14～#20,xH1InUOcYSU,896,1052,156,https://www.youtube.com/watch?v=xH1InUOcYSU&t=896s
F,グラフィック,F-20,監修あれこれ : ソラ編,P1_補助原則,可読性・アート・最終画面,F: グラフィック3 (まとめ動画) #14～#20,xH1InUOcYSU,1052,1651,599,https://www.youtube.com/watch?v=xH1InUOcYSU&t=1052s
G,モーション,G-01,モーション指定の仕方,P0_直接適用,操作反応・キャラクター表現,G: モーション1 (まとめ動画) #01～#09,W1Qfqa2G1Cc,12,287,275,https://www.youtube.com/watch?v=W1Qfqa2G1Cc&t=12s
G,モーション,G-02,やり過ぎてちょうどよい,P0_直接適用,操作反応・キャラクター表現,G: モーション1 (まとめ動画) #01～#09,W1Qfqa2G1Cc,287,461,174,https://www.youtube.com/watch?v=W1Qfqa2G1Cc&t=287s
G,モーション,G-03,攻撃モーションの内訳,P0_直接適用,操作反応・キャラクター表現,G: モーション1 (まとめ動画) #01～#09,W1Qfqa2G1Cc,461,673,212,https://www.youtube.com/watch?v=W1Qfqa2G1Cc&t=461s
G,モーション,G-04,かまえは瞬時に極端に,P0_直接適用,操作反応・キャラクター表現,G: モーション1 (まとめ動画) #01～#09,W1Qfqa2G1Cc,673,817,144,https://www.youtube.com/watch?v=W1Qfqa2G1Cc&t=673s
G,モーション,G-05,攻撃ポーズ,P0_直接適用,操作反応・キャラクター表現,G: モーション1 (まとめ動画) #01～#09,W1Qfqa2G1Cc,817,995,178,https://www.youtube.com/watch?v=W1Qfqa2G1Cc&t=817s
G,モーション,G-06,フォロースルーで印象が決まる,P0_直接適用,操作反応・キャラクター表現,G: モーション1 (まとめ動画) #01～#09,W1Qfqa2G1Cc,995,1251,256,https://www.youtube.com/watch?v=W1Qfqa2G1Cc&t=995s
G,モーション,G-07,情報が減るからおおげさにふるまう,P1_補助原則,操作反応・キャラクター表現,G: モーション1 (まとめ動画) #01～#09,W1Qfqa2G1Cc,1251,1396,145,https://www.youtube.com/watch?v=W1Qfqa2G1Cc&t=1251s
G,モーション,G-08,ポージングのススメ,P0_直接適用,操作反応・キャラクター表現,G: モーション1 (まとめ動画) #01～#09,W1Qfqa2G1Cc,1396,1582,186,https://www.youtube.com/watch?v=W1Qfqa2G1Cc&t=1396s
G,モーション,G-09,扁平スケーリング,P0_直接適用,操作反応・キャラクター表現,G: モーション1 (まとめ動画) #01～#09,W1Qfqa2G1Cc,1582,1757,175,https://www.youtube.com/watch?v=W1Qfqa2G1Cc&t=1582s
G,モーション,G-10,ダメージモーション,P1_補助原則,操作反応・キャラクター表現,G: モーション2 (まとめ動画) #10～#18,XraQdYJCxiQ,11,260,249,https://www.youtube.com/watch?v=XraQdYJCxiQ&t=11s
G,モーション,G-11,モーション補間のワナ,P1_補助原則,操作反応・キャラクター表現,G: モーション2 (まとめ動画) #10～#18,XraQdYJCxiQ,260,518,258,https://www.youtube.com/watch?v=XraQdYJCxiQ&t=260s
G,モーション,G-12,フェイシャル,P1_補助原則,操作反応・キャラクター表現,G: モーション2 (まとめ動画) #10～#18,XraQdYJCxiQ,518,657,139,https://www.youtube.com/watch?v=XraQdYJCxiQ&t=518s
G,モーション,G-13,フリップモーション,P0_直接適用,操作反応・キャラクター表現,G: モーション2 (まとめ動画) #10～#18,XraQdYJCxiQ,657,836,179,https://www.youtube.com/watch?v=XraQdYJCxiQ&t=657s
G,モーション,G-14,モーションブレンド,P0_直接適用,操作反応・キャラクター表現,G: モーション2 (まとめ動画) #10～#18,XraQdYJCxiQ,836,1018,182,https://www.youtube.com/watch?v=XraQdYJCxiQ&t=836s
G,モーション,G-15,指の表現,P0_直接適用,操作反応・キャラクター表現,G: モーション2 (まとめ動画) #10～#18,XraQdYJCxiQ,1018,1147,129,https://www.youtube.com/watch?v=XraQdYJCxiQ&t=1018s
G,モーション,G-16,攻撃判定を常に意識,P0_直接適用,操作反応・キャラクター表現,G: モーション2 (まとめ動画) #10～#18,XraQdYJCxiQ,1147,1304,157,https://www.youtube.com/watch?v=XraQdYJCxiQ&t=1147s
G,モーション,G-17,スケルトンの限界,P0_直接適用,操作反応・キャラクター表現,G: モーション2 (まとめ動画) #10～#18,XraQdYJCxiQ,1304,1492,188,https://www.youtube.com/watch?v=XraQdYJCxiQ&t=1304s
G,モーション,G-18,二軸で回転,P0_直接適用,操作反応・キャラクター表現,G: モーション2 (まとめ動画) #10～#18,XraQdYJCxiQ,1492,1703,211,https://www.youtube.com/watch?v=XraQdYJCxiQ&t=1492s
H,エフェクト,H-01,モヤッとさせるな,P0_直接適用,状態伝達・気持ちよさ・負荷,H: エフェクト1 (まとめ動画) #01～#06,4D-Lw7lFuD0,12,161,149,https://www.youtube.com/watch?v=4D-Lw7lFuD0&t=12s
H,エフェクト,H-02,キャラクターを際立たせる,P0_直接適用,状態伝達・気持ちよさ・負荷,H: エフェクト1 (まとめ動画) #01～#06,4D-Lw7lFuD0,161,290,129,https://www.youtube.com/watch?v=4D-Lw7lFuD0&t=161s
H,エフェクト,H-03,閃光､爆発､残煙,P0_直接適用,状態伝達・気持ちよさ・負荷,H: エフェクト1 (まとめ動画) #01～#06,4D-Lw7lFuD0,290,491,201,https://www.youtube.com/watch?v=4D-Lw7lFuD0&t=290s
H,エフェクト,H-04,エフェクトをスローで見てみよう,P0_直接適用,状態伝達・気持ちよさ・負荷,H: エフェクト1 (まとめ動画) #01～#06,4D-Lw7lFuD0,491,1182,691,https://www.youtube.com/watch?v=4D-Lw7lFuD0&t=491s
H,エフェクト,H-05,画面振動,P0_直接適用,状態伝達・気持ちよさ・負荷,H: エフェクト1 (まとめ動画) #01～#06,4D-Lw7lFuD0,1182,1399,217,https://www.youtube.com/watch?v=4D-Lw7lFuD0&t=1182s
H,エフェクト,H-06,ヒットマーク,P0_直接適用,状態伝達・気持ちよさ・負荷,H: エフェクト1 (まとめ動画) #01～#06,4D-Lw7lFuD0,1399,1694,295,https://www.youtube.com/watch?v=4D-Lw7lFuD0&t=1399s
H,エフェクト,H-07,ビルボード,P0_直接適用,状態伝達・気持ちよさ・負荷,H: エフェクト2 (まとめ動画) #07～#11,tnwib5xUptc,11,135,124,https://www.youtube.com/watch?v=tnwib5xUptc&t=11s
H,エフェクト,H-08,風切り,P0_直接適用,状態伝達・気持ちよさ・負荷,H: エフェクト2 (まとめ動画) #07～#11,tnwib5xUptc,135,371,236,https://www.youtube.com/watch?v=tnwib5xUptc&t=135s
H,エフェクト,H-09,効果は正しい大きさ感で,P0_直接適用,状態伝達・気持ちよさ・負荷,H: エフェクト2 (まとめ動画) #07～#11,tnwib5xUptc,371,491,120,https://www.youtube.com/watch?v=tnwib5xUptc&t=371s
H,エフェクト,H-10,フラッシング,P0_直接適用,状態伝達・気持ちよさ・負荷,H: エフェクト2 (まとめ動画) #07～#11,tnwib5xUptc,491,739,248,https://www.youtube.com/watch?v=tnwib5xUptc&t=491s
H,エフェクト,H-11,パーティクルの限界,P0_直接適用,状態伝達・気持ちよさ・負荷,H: エフェクト2 (まとめ動画) #07～#11,tnwib5xUptc,739,1023,284,https://www.youtube.com/watch?v=tnwib5xUptc&t=739s
I,サウンド,I-01,ゲームに合ったテンポ感,P0_直接適用,情報優先度・テンポ・実機音響,I: サウンド1 (まとめ動画) #01～#07,pW_m_Nc5css,12,165,153,https://www.youtube.com/watch?v=pW_m_Nc5css&t=12s
I,サウンド,I-02,重要度で効果音バランスを取る,P0_直接適用,情報優先度・テンポ・実機音響,I: サウンド1 (まとめ動画) #01～#07,pW_m_Nc5css,165,449,284,https://www.youtube.com/watch?v=pW_m_Nc5css&t=165s
I,サウンド,I-03,いろんな環境で聞き比べ,P0_直接適用,情報優先度・テンポ・実機音響,I: サウンド1 (まとめ動画) #01～#07,pW_m_Nc5css,449,610,161,https://www.youtube.com/watch?v=pW_m_Nc5css&t=449s
I,サウンド,I-04,環境音楽としてのゲーム音楽,P0_直接適用,情報優先度・テンポ・実機音響,I: サウンド1 (まとめ動画) #01～#07,pW_m_Nc5css,610,791,181,https://www.youtube.com/watch?v=pW_m_Nc5css&t=610s
I,サウンド,I-05,音はフィクション､ノンフィクション,P0_直接適用,情報優先度・テンポ・実機音響,I: サウンド1 (まとめ動画) #01～#07,pW_m_Nc5css,791,956,165,https://www.youtube.com/watch?v=pW_m_Nc5css&t=791s
I,サウンド,I-06,音声収録,P1_補助原則,情報優先度・テンポ・実機音響,I: サウンド1 (まとめ動画) #01～#07,pW_m_Nc5css,956,1241,285,https://www.youtube.com/watch?v=pW_m_Nc5css&t=956s
I,サウンド,I-07,アレンジの手法,P1_補助原則,情報優先度・テンポ・実機音響,I: サウンド1 (まとめ動画) #01～#07,pW_m_Nc5css,1241,1509,268,https://www.youtube.com/watch?v=pW_m_Nc5css&t=1241s
I,サウンド,I-08,原曲がすべて正しい,P1_補助原則,情報優先度・テンポ・実機音響,I: サウンド2 (まとめ動画) #08～#14,93lE-ELzQu4,11,413,402,https://www.youtube.com/watch?v=93lE-ELzQu4&t=11s
I,サウンド,I-09,アタック強め､残響ほどほど,P0_直接適用,情報優先度・テンポ・実機音響,I: サウンド2 (まとめ動画) #08～#14,93lE-ELzQu4,413,591,178,https://www.youtube.com/watch?v=93lE-ELzQu4&t=413s
I,サウンド,I-10,効果音の指示,P0_直接適用,情報優先度・テンポ・実機音響,I: サウンド2 (まとめ動画) #08～#14,93lE-ELzQu4,591,769,178,https://www.youtube.com/watch?v=93lE-ELzQu4&t=591s
I,サウンド,I-11,環境音のバランス,P0_直接適用,情報優先度・テンポ・実機音響,I: サウンド2 (まとめ動画) #08～#14,93lE-ELzQu4,769,888,119,https://www.youtube.com/watch?v=93lE-ELzQu4&t=769s
I,サウンド,I-12,他の曲を例に挙げる場合,P1_補助原則,情報優先度・テンポ・実機音響,I: サウンド2 (まとめ動画) #08～#14,93lE-ELzQu4,888,1063,175,https://www.youtube.com/watch?v=93lE-ELzQu4&t=888s
I,サウンド,I-13,ファミコンの音源,P1_補助原則,情報優先度・テンポ・実機音響,I: サウンド2 (まとめ動画) #08～#14,93lE-ELzQu4,1063,1437,374,https://www.youtube.com/watch?v=93lE-ELzQu4&t=1063s
I,サウンド,I-14,名作に音が悪いものなし,P0_直接適用,情報優先度・テンポ・実機音響,I: サウンド2 (まとめ動画) #08～#14,93lE-ELzQu4,1437,1589,152,https://www.youtube.com/watch?v=93lE-ELzQu4&t=1437s
J,UI,J-01,わかりやすさとスタイル性,P0_直接適用,HUD・導線・アクセシビリティ,J: UI1 (まとめ動画) #01～#08,33njSckMINk,11,210,199,https://www.youtube.com/watch?v=33njSckMINk&t=11s
J,UI,J-02,文字の大きさ,P0_直接適用,HUD・導線・アクセシビリティ,J: UI1 (まとめ動画) #01～#08,33njSckMINk,210,387,177,https://www.youtube.com/watch?v=33njSckMINk&t=210s
J,UI,J-03,いまどきの親切設計,P0_直接適用,HUD・導線・アクセシビリティ,J: UI1 (まとめ動画) #01～#08,33njSckMINk,387,1065,678,https://www.youtube.com/watch?v=33njSckMINk&t=387s
J,UI,J-04,ローディング画面,P0_直接適用,HUD・導線・アクセシビリティ,J: UI1 (まとめ動画) #01～#08,33njSckMINk,1065,1209,144,https://www.youtube.com/watch?v=33njSckMINk&t=1065s
J,UI,J-05,文字強調,P1_補助原則,HUD・導線・アクセシビリティ,J: UI1 (まとめ動画) #01～#08,33njSckMINk,1209,1365,156,https://www.youtube.com/watch?v=33njSckMINk&t=1209s
J,UI,J-06,メニューは世界を語る,P0_直接適用,HUD・導線・アクセシビリティ,J: UI1 (まとめ動画) #01～#08,33njSckMINk,1365,1484,119,https://www.youtube.com/watch?v=33njSckMINk&t=1365s
J,UI,J-07,色による区分,P0_直接適用,HUD・導線・アクセシビリティ,J: UI1 (まとめ動画) #01～#08,33njSckMINk,1484,1627,143,https://www.youtube.com/watch?v=33njSckMINk&t=1484s
J,UI,J-08,大事なものをより大きく,P0_直接適用,HUD・導線・アクセシビリティ,J: UI1 (まとめ動画) #01～#08,33njSckMINk,1627,1770,143,https://www.youtube.com/watch?v=33njSckMINk&t=1627s
J,UI,J-09,高速に選びたい,P0_直接適用,HUD・導線・アクセシビリティ,J: UI2 (まとめ動画) #09～#15,T8AlCmksaGA,11,177,166,https://www.youtube.com/watch?v=T8AlCmksaGA&t=11s
J,UI,J-10,必ず飛ばせるように､止められるように,P0_直接適用,HUD・導線・アクセシビリティ,J: UI2 (まとめ動画) #09～#15,T8AlCmksaGA,177,316,139,https://www.youtube.com/watch?v=T8AlCmksaGA&t=177s
J,UI,J-11,ボタン設定,P0_直接適用,HUD・導線・アクセシビリティ,J: UI2 (まとめ動画) #09～#15,T8AlCmksaGA,316,513,197,https://www.youtube.com/watch?v=T8AlCmksaGA&t=316s
J,UI,J-12,テキストの読み進め,P0_直接適用,HUD・導線・アクセシビリティ,J: UI2 (まとめ動画) #09～#15,T8AlCmksaGA,513,687,174,https://www.youtube.com/watch?v=T8AlCmksaGA&t=513s
J,UI,J-13,メニューにヘルプを,P0_直接適用,HUD・導線・アクセシビリティ,J: UI2 (まとめ動画) #09～#15,T8AlCmksaGA,687,855,168,https://www.youtube.com/watch?v=T8AlCmksaGA&t=687s
J,UI,J-14,言語がなくてもわかるように,P0_直接適用,HUD・導線・アクセシビリティ,J: UI2 (まとめ動画) #09～#15,T8AlCmksaGA,855,1006,151,https://www.youtube.com/watch?v=T8AlCmksaGA&t=855s
J,UI,J-15,HUD,P0_直接適用,HUD・導線・アクセシビリティ,J: UI2 (まとめ動画) #09～#15,T8AlCmksaGA,1006,1214,208,https://www.youtube.com/watch?v=T8AlCmksaGA&t=1006s
K,プログラム・テクニカル,K-01,ファイル名は合理的に,P0_直接適用,データ駆動・調整・デバッグ,K: プログラム・テクニカル 1 (まとめ動画) #01～#05,lLM8N3xxkio,12,301,289,https://www.youtube.com/watch?v=lLM8N3xxkio&t=12s
K,プログラム・テクニカル,K-02,調整をしやすくする仕組み,P0_直接適用,データ駆動・調整・デバッグ,K: プログラム・テクニカル 1 (まとめ動画) #01～#05,lLM8N3xxkio,301,538,237,https://www.youtube.com/watch?v=lLM8N3xxkio&t=301s
K,プログラム・テクニカル,K-03,パラメーターを【】でくくる,P0_直接適用,データ駆動・調整・デバッグ,K: プログラム・テクニカル 1 (まとめ動画) #01～#05,lLM8N3xxkio,538,839,301,https://www.youtube.com/watch?v=lLM8N3xxkio&t=538s
K,プログラム・テクニカル,K-04,チケットでタスク管理,P0_直接適用,データ駆動・調整・デバッグ,K: プログラム・テクニカル 1 (まとめ動画) #01～#05,lLM8N3xxkio,839,1034,195,https://www.youtube.com/watch?v=lLM8N3xxkio&t=839s
K,プログラム・テクニカル,K-05,ファミリーベーシック,P1_補助原則,データ駆動・調整・デバッグ,K: プログラム・テクニカル 1 (まとめ動画) #01～#05,lLM8N3xxkio,1034,1769,735,https://www.youtube.com/watch?v=lLM8N3xxkio&t=1034s
K,プログラム・テクニカル,K-06,『スマブラ』のふっとばし,P1_補助原則,データ駆動・調整・デバッグ,K: プログラム・テクニカル2 (まとめ動画) #06～#09,WIu1HIqnCBM,11,207,196,https://www.youtube.com/watch?v=WIu1HIqnCBM&t=11s
K,プログラム・テクニカル,K-07,多くの人がファイルをいじる方法,P0_直接適用,データ駆動・調整・デバッグ,K: プログラム・テクニカル2 (まとめ動画) #06～#09,WIu1HIqnCBM,207,364,157,https://www.youtube.com/watch?v=WIu1HIqnCBM&t=207s
K,プログラム・テクニカル,K-08,デバッグモード,P0_直接適用,データ駆動・調整・デバッグ,K: プログラム・テクニカル2 (まとめ動画) #06～#09,WIu1HIqnCBM,364,525,161,https://www.youtube.com/watch?v=WIu1HIqnCBM&t=364s
K,プログラム・テクニカル,K-09,透過機能,P0_直接適用,データ駆動・調整・デバッグ,K: プログラム・テクニカル2 (まとめ動画) #06～#09,WIu1HIqnCBM,525,668,143,https://www.youtube.com/watch?v=WIu1HIqnCBM&t=525s
L,広報,L-01,広報はかけ算,P0_直接適用,価値訴求・体験版・対象層,L: 広報 1 (まとめ動画) #01～#07,QGT6xcnB0x8,12,216,204,https://www.youtube.com/watch?v=QGT6xcnB0x8&t=12s
L,広報,L-02,製品像は正しく伝える,P0_直接適用,価値訴求・体験版・対象層,L: 広報 1 (まとめ動画) #01～#07,QGT6xcnB0x8,216,414,198,https://www.youtube.com/watch?v=QGT6xcnB0x8&t=216s
L,広報,L-03,体験版,P0_直接適用,価値訴求・体験版・対象層,L: 広報 1 (まとめ動画) #01～#07,QGT6xcnB0x8,414,634,220,https://www.youtube.com/watch?v=QGT6xcnB0x8&t=414s
L,広報,L-04,ウェブサイト,P1_補助原則,価値訴求・体験版・対象層,L: 広報 1 (まとめ動画) #01～#07,QGT6xcnB0x8,634,925,291,https://www.youtube.com/watch?v=QGT6xcnB0x8&t=634s
L,広報,L-05,参戦ムービー,P1_補助原則,価値訴求・体験版・対象層,L: 広報 1 (まとめ動画) #01～#07,QGT6xcnB0x8,925,1322,397,https://www.youtube.com/watch?v=QGT6xcnB0x8&t=925s
L,広報,L-06,ゲーム画面を見せてくれ!,P0_直接適用,価値訴求・体験版・対象層,L: 広報 1 (まとめ動画) #01～#07,QGT6xcnB0x8,1322,1470,148,https://www.youtube.com/watch?v=QGT6xcnB0x8&t=1322s
L,広報,L-07,人の目の前でゲームすること,P0_直接適用,価値訴求・体験版・対象層,L: 広報 1 (まとめ動画) #01～#07,QGT6xcnB0x8,1470,1633,163,https://www.youtube.com/watch?v=QGT6xcnB0x8&t=1470s
L,広報,L-08,ターゲティングとマーケティング,P0_直接適用,価値訴求・体験版・対象層,L: 広報 2 (まとめ動画) #08～#09,du3kXjhbL_4,12,272,260,https://www.youtube.com/watch?v=du3kXjhbL_4&t=12s
L,広報,L-09,スマブラ拳,P1_補助原則,価値訴求・体験版・対象層,L: 広報 2 (まとめ動画) #08～#09,du3kXjhbL_4,272,635,363,https://www.youtube.com/watch?v=du3kXjhbL_4&t=272s
M,雑談,M-01,遅延を撲滅してほしい,P2_背景・事例,制作姿勢の背景・事例,M: 雑談 1 (まとめ動画) #01～#09,SI5A_WYEmjk,12,326,314,https://www.youtube.com/watch?v=SI5A_WYEmjk&t=12s
M,雑談,M-02,ゲームに与える賞,P2_背景・事例,制作姿勢の背景・事例,M: 雑談 1 (まとめ動画) #01～#09,SI5A_WYEmjk,326,530,204,https://www.youtube.com/watch?v=SI5A_WYEmjk&t=326s
M,雑談,M-03,ゲームしながら運動のすすめ,P2_背景・事例,制作姿勢の背景・事例,M: 雑談 1 (まとめ動画) #01～#09,SI5A_WYEmjk,530,703,173,https://www.youtube.com/watch?v=SI5A_WYEmjk&t=530s
M,雑談,M-04,ゲームソフトの価値,P2_背景・事例,制作姿勢の背景・事例,M: 雑談 1 (まとめ動画) #01～#09,SI5A_WYEmjk,703,868,165,https://www.youtube.com/watch?v=SI5A_WYEmjk&t=703s
M,雑談,M-05,愛猫ふくらし,P2_背景・事例,制作姿勢の背景・事例,M: 雑談 1 (まとめ動画) #01～#09,SI5A_WYEmjk,868,1014,146,https://www.youtube.com/watch?v=SI5A_WYEmjk&t=868s
M,雑談,M-06,昔は昔 いまはいま,P2_背景・事例,制作姿勢の背景・事例,M: 雑談 1 (まとめ動画) #01～#09,SI5A_WYEmjk,1014,1219,205,https://www.youtube.com/watch?v=SI5A_WYEmjk&t=1014s
M,雑談,M-07,有限会社ソラ,P2_背景・事例,制作姿勢の背景・事例,M: 雑談 1 (まとめ動画) #01～#09,SI5A_WYEmjk,1219,1419,200,https://www.youtube.com/watch?v=SI5A_WYEmjk&t=1219s
M,雑談,M-08,ダウンロード派？ パッケージ派？,P2_背景・事例,制作姿勢の背景・事例,M: 雑談 1 (まとめ動画) #01～#09,SI5A_WYEmjk,1419,1577,158,https://www.youtube.com/watch?v=SI5A_WYEmjk&t=1419s
M,雑談,M-09,ソラの在宅支援策,P2_背景・事例,制作姿勢の背景・事例,M: 雑談 1 (まとめ動画) #01～#09,SI5A_WYEmjk,1577,1843,266,https://www.youtube.com/watch?v=SI5A_WYEmjk&t=1577s
M,雑談,M-10,過去との競争,P2_背景・事例,制作姿勢の背景・事例,M: 雑談2 (まとめ動画) #10～#14,BAfCMAA5LeE,11,187,176,https://www.youtube.com/watch?v=BAfCMAA5LeE&t=11s
M,雑談,M-11,ゲームと目の疲れ,P2_背景・事例,制作姿勢の背景・事例,M: 雑談2 (まとめ動画) #10～#14,BAfCMAA5LeE,187,351,164,https://www.youtube.com/watch?v=BAfCMAA5LeE&t=187s
M,雑談,M-12,マスターアップ,P2_背景・事例,制作姿勢の背景・事例,M: 雑談2 (まとめ動画) #10～#14,BAfCMAA5LeE,351,501,150,https://www.youtube.com/watch?v=BAfCMAA5LeE&t=351s
M,雑談,M-13,ファミリーコンピュータ,P2_背景・事例,制作姿勢の背景・事例,M: 雑談2 (まとめ動画) #10～#14,BAfCMAA5LeE,501,846,345,https://www.youtube.com/watch?v=BAfCMAA5LeE&t=501s
M,雑談,M-14,初代『星のカービィ』開発秘話,P2_背景・事例,制作姿勢の背景・事例,M: 雑談2 (まとめ動画) #10～#14,BAfCMAA5LeE,846,1894,1048,https://www.youtube.com/watch?v=BAfCMAA5LeE&t=846s
M,雑談,M-15,開発中止,P2_背景・事例,制作姿勢の背景・事例,M: 雑談3 (まとめ動画) #15～#17,-4eixzKiphI,11,202,191,https://www.youtube.com/watch?v=-4eixzKiphI&t=11s
M,雑談,M-16,♪ PRESS START,P2_背景・事例,制作姿勢の背景・事例,M: 雑談3 (まとめ動画) #15～#17,-4eixzKiphI,202,1320,1118,https://www.youtube.com/watch?v=-4eixzKiphI&t=202s
M,雑談,M-17,こどものころのゲームの話,P2_背景・事例,制作姿勢の背景・事例,M: 雑談3 (まとめ動画) #15～#17,-4eixzKiphI,1320,1659,339,https://www.youtube.com/watch?v=-4eixzKiphI&t=1320s
M,雑談,M-18,『スマブラX』の組閣,P2_背景・事例,制作姿勢の背景・事例,M: 雑談4 (まとめ動画) #18～#24,oxhCfTUkkOQ,11,404,393,https://www.youtube.com/watch?v=oxhCfTUkkOQ&t=11s
M,雑談,M-19,ガイドライン,P2_背景・事例,制作姿勢の背景・事例,M: 雑談4 (まとめ動画) #18～#24,oxhCfTUkkOQ,404,580,176,https://www.youtube.com/watch?v=oxhCfTUkkOQ&t=404s
M,雑談,M-20,レアものご紹介,P2_背景・事例,制作姿勢の背景・事例,M: 雑談4 (まとめ動画) #18～#24,oxhCfTUkkOQ,580,861,281,https://www.youtube.com/watch?v=oxhCfTUkkOQ&t=580s
M,雑談,M-21,ゲーム&ウオッチのスクリーン,P2_背景・事例,制作姿勢の背景・事例,M: 雑談4 (まとめ動画) #18～#24,oxhCfTUkkOQ,861,1122,261,https://www.youtube.com/watch?v=oxhCfTUkkOQ&t=861s
M,雑談,M-22,制作者も変わっていく,P2_背景・事例,制作姿勢の背景・事例,M: 雑談4 (まとめ動画) #18～#24,oxhCfTUkkOQ,1122,1268,146,https://www.youtube.com/watch?v=oxhCfTUkkOQ&t=1122s
M,雑談,M-23,大昔、数字でドット絵を描いていた,P2_背景・事例,制作姿勢の背景・事例,M: 雑談4 (まとめ動画) #18～#24,oxhCfTUkkOQ,1268,1514,246,https://www.youtube.com/watch?v=oxhCfTUkkOQ&t=1268s
M,雑談,M-24,プレゼントを遊びに,P2_背景・事例,制作姿勢の背景・事例,M: 雑談4 (まとめ動画) #18～#24,oxhCfTUkkOQ,1514,1652,138,https://www.youtube.com/watch?v=oxhCfTUkkOQ&t=1514s
M,雑談,M-25,誰の足跡も無い世界,P2_背景・事例,制作姿勢の背景・事例,M: 雑談5 (まとめ動画) #25～#28,wkUvN0cxDrA,11,172,161,https://www.youtube.com/watch?v=wkUvN0cxDrA&t=11s
M,雑談,M-26,伝説の1986年,P2_背景・事例,制作姿勢の背景・事例,M: 雑談5 (まとめ動画) #25～#28,wkUvN0cxDrA,172,463,291,https://www.youtube.com/watch?v=wkUvN0cxDrA&t=172s
M,雑談,M-27,収納のしかた,P2_背景・事例,制作姿勢の背景・事例,M: 雑談5 (まとめ動画) #25～#28,wkUvN0cxDrA,463,1036,573,https://www.youtube.com/watch?v=wkUvN0cxDrA&t=463s
M,雑談,M-28,生演奏でゲームプレイ,P2_背景・事例,制作姿勢の背景・事例,M: 雑談5 (まとめ動画) #25～#28,wkUvN0cxDrA,1036,1474,438,https://www.youtube.com/watch?v=wkUvN0cxDrA&t=1036s
M,雑談,M-29,なんでも対戦ゲーム,P2_背景・事例,制作姿勢の背景・事例,M: 雑談6 (まとめ動画) #29～#31,b4iOB2qiB4k,11,156,145,https://www.youtube.com/watch?v=b4iOB2qiB4k&t=11s
M,雑談,M-30,ブラウン管,P2_背景・事例,制作姿勢の背景・事例,M: 雑談6 (まとめ動画) #29～#31,b4iOB2qiB4k,156,447,291,https://www.youtube.com/watch?v=b4iOB2qiB4k&t=156s
M,雑談,M-31,岩田さんのこと,P2_背景・事例,制作姿勢の背景・事例,M: 雑談6 (まとめ動画) #29～#31,b4iOB2qiB4k,447,1032,585,https://www.youtube.com/watch?v=b4iOB2qiB4k&t=447s
N,企画コンセプト,N-01,星のカービィ,P0_直接適用,制約・独自性・ケーススタディ,N: 企画コンセプト 1 (まとめ動画) #01～#05,_gbJw7orSI8,11,327,316,https://www.youtube.com/watch?v=_gbJw7orSI8&t=11s
N,企画コンセプト,N-02,星のカービィ 夢の泉の物語,P0_直接適用,制約・独自性・ケーススタディ,N: 企画コンセプト 1 (まとめ動画) #01～#05,_gbJw7orSI8,327,680,353,https://www.youtube.com/watch?v=_gbJw7orSI8&t=327s
N,企画コンセプト,N-03,星のカービィ スーパーデラックス,P0_直接適用,制約・独自性・ケーススタディ,N: 企画コンセプト 1 (まとめ動画) #01～#05,_gbJw7orSI8,680,1136,456,https://www.youtube.com/watch?v=_gbJw7orSI8&t=680s
N,企画コンセプト,N-04,大乱闘スマッシュブラザーズ,P0_直接適用,制約・独自性・ケーススタディ,N: 企画コンセプト 1 (まとめ動画) #01～#05,_gbJw7orSI8,1136,1645,509,https://www.youtube.com/watch?v=_gbJw7orSI8&t=1136s
N,企画コンセプト,N-05,大乱闘スマッシュブラザーズDX,P0_直接適用,制約・独自性・ケーススタディ,N: 企画コンセプト 1 (まとめ動画) #01～#05,_gbJw7orSI8,1645,1909,264,https://www.youtube.com/watch?v=_gbJw7orSI8&t=1645s
N,企画コンセプト,N-06,カービィのエアライド,P0_直接適用,制約・独自性・ケーススタディ,N: 企画コンセプト 2 (まとめ動画) #06～#09,OC3bQC1lkQ4,11,402,391,https://www.youtube.com/watch?v=OC3bQC1lkQ4&t=11s
N,企画コンセプト,N-07,メテオス,P0_直接適用,制約・独自性・ケーススタディ,N: 企画コンセプト 2 (まとめ動画) #06～#09,OC3bQC1lkQ4,402,913,511,https://www.youtube.com/watch?v=OC3bQC1lkQ4&t=402s
N,企画コンセプト,N-08,そだてて！甲虫王者ムシキング,P0_直接適用,制約・独自性・ケーススタディ,N: 企画コンセプト 2 (まとめ動画) #06～#09,OC3bQC1lkQ4,913,1469,556,https://www.youtube.com/watch?v=OC3bQC1lkQ4&t=913s
N,企画コンセプト,N-09,大乱闘スマッシュブラザーズX,P0_直接適用,制約・独自性・ケーススタディ,N: 企画コンセプト 2 (まとめ動画) #06～#09,OC3bQC1lkQ4,1469,1926,457,https://www.youtube.com/watch?v=OC3bQC1lkQ4&t=1469s
N,企画コンセプト,N-10,新･光神話パルテナの鏡,P0_直接適用,制約・独自性・ケーススタディ,N: 企画コンセプト 3 (まとめ動画) #10～#12,ouH6tvozsy0,11,786,775,https://www.youtube.com/watch?v=ouH6tvozsy0&t=11s
N,企画コンセプト,N-11,大乱闘スマッシュブラザーズ for 3DS / Wii U,P0_直接適用,制約・独自性・ケーススタディ,N: 企画コンセプト 3 (まとめ動画) #10～#12,ouH6tvozsy0,786,1443,657,https://www.youtube.com/watch?v=ouH6tvozsy0&t=786s
N,企画コンセプト,N-12,大乱闘スマッシュブラザーズSPECIAL,P0_直接適用,制約・独自性・ケーススタディ,N: 企画コンセプト 3 (まとめ動画) #10～#12,ouH6tvozsy0,1443,2187,744,https://www.youtube.com/watch?v=ouH6tvozsy0&t=1443s
